account,unit
astr31600,PSD
astr33000,PSD
astro33000,PSD
astroplasmas,PSD
bdc,BSD
bfi,BFI
big-data-analytics-graham-school,Graham
bios10007,BSD
bios10130,BSD
bios10602,BSD
bios10603,College
bios11102,BSD
bios11103,College
bios26120,BSD
bngsda,BSD
booth,Booth
bphs35001,PSD
capp30254,PSD
capp30255,
caprioli-cattaneo,PSD
caprioli-fcattane,PSD
chem26800,PSD
cmsc12300,PSD
cmsc25025,PSD
cmsc26800,PSD
cmsc33001,PSD
cmsc33520,PSD
cmsc34900,PSD
compbio,BSD
cron-account,BSD
cspp51087,PSD
data-crism-mcdash,
econ29800,SSD
econ41903,SSD
econ41904,SSD
economgame,Booth
epic,Harris
finm32950,PSD
geos33300,PSD
globusonline,CI
hgen47100,
ibm,N/A
inactive,N/A
intel,N/A
intromri2014,BSD
its,N/A
kcfrb,N/A
kicp,PSD
kicpccw2013,PSD
legacy,
lenovo,N/A
ling21720,Humanities
ling40301,Humanities
macs30000,PSD
macs30200,
macs60000,
maph33900,Humanities
mapss-econ,
mbl,BSD
meng23000,IME
meng32000,SSD
meng33000,IME
meng34200,IME
mgcb3200,BSD
mgcb32000,BSD
miccom-school,IME
mpcs51087,PSD
mpcs56420,PSD
msbi33100,Graham
msca,Graham
msca32017,Graham
msca37011,Graham
mscagpu,Graham
nvidia,N/A
osmlab,SSD
pi-aachien,PSD
pi-aaz,Booth
pi-abbot,PSD
pi-abendela,BSD
pi-abinkowski,PSD
pi-abney,BSD
pi-aclyu,Humanities
pi-ad15,PSD
pi-adirienz,BSD
pi-adrobyshevsky,Medicine
pi-adukia,Harris
pi-aelmore,
pi-aesserkahn,IME
pi-ahigh,IME
pi-ajaved,Medicine
pi-akalil,Harris
pi-akonigl,PSD
pi-akwalker,PSD
pi-amitabh,
pi-amurugan,PSD
pi-anants,EPIC
pi-anc,IME
pi-anitarao,Booth
pi-anitescu,PSD
pi-anmayampurath,Medicine
pi-anselin,SSD
pi-aolinto,PSD
pi-apatnaik1,Medicine
pi-arac,BSD
pi-archer,PSD
pi-arielfeldman,PSD
pi-aruthenburg,BSD
pi-arzhetsky,BSD
pi-asufi,Booth
pi-avieregg,PSD
pi-avoena,SSD
pi-awh,SSD
pi-awsch,IME
pi-babenson,PSD
pi-baderk,BSD
pi-bata,Booth
pi-belavina,Booth
pi-berge,PSD
pi-berkelbach,PSD
pi-bermanm,SSD
pi-berry,PSD
pi-bertran1,Booth
pi-bkeenan,BSD
pi-bkelly0,Booth
pi-blase,PSD
pi-blattman,Harris
pi-borja,PSD
pi-bpopko,
pi-bridgetm,Humanities
pi-btian,PSD
pi-burhan,Booth
pi-bursztyn,Booth
pi-cacioppos,SSD
pi-candogan,Booth
pi-caprioli,PSD
pi-casasanto,SSD
pi-cchen3,BSD
pi-cchin,PSD
pi-chard,CI
pi-chuanhe,PSD
pi-ckao95,BSD
pi-cnagler1,BSD
pi-cober,BSD
pi-cobey,BSD
pi-collar,PSD
pi-cosar,Booth
pi-cpel,BSD
pi-dachxiu,Booth
pi-dadrummond,BSD
pi-danblack,Harris
pi-davemilr,PSD
pi-dbiron,PSD
pi-dbishop,BSD
pi-dbrentari,Humanities
pi-deisenst,Booth
pi-depablo,IME
pi-dfreedman,BSD
pi-dgallo,SSD
pi-dglick2,BSD
pi-dholz,PSD
pi-dhooper,PSD
pi-dinner,PSD
pi-dinosaur,Oriental
pi-dis,PSD
pi-dkutasov,PSD
pi-dmustafi,BSD
pi-dom2,SSD
pi-dpope,Booth
pi-drkovar,BSD
pi-drm7,PSD
pi-drowley,PSD
pi-drubin8,BSD
pi-dschloen,Humanities
pi-dskinner,Booth
pi-dsuskind,BSD
pi-dvtalapin,PSD
pi-dyork,PSD
pi-eatock,BSD
pi-ebchang,BSD
pi-ebudish,Booth
pi-eclaud,Medicine
pi-ecoccaro,BSD
pi-edvogel,
pi-egrove,BSD
pi-ehurst,Booth
pi-ejadams,BSD
pi-emackay,Humanities
pi-emir,Booth
pi-emunro,BSD
pi-eperozo,BSD
pi-evtimov,CI
pi-fabrycky,PSD
pi-fazeredo,Graham
pi-fcattane,PSD
pi-fciesla,PSD
pi-ferrier,CI
pi-forreststuart,SSD
pi-foster,PSD
pi-freed,PSD
pi-fritziea,BSD
pi-fsmiel,BSD
pi-ftchong,PSD
pi-gagalli,IME
pi-gan1,BSD
pi-gardel,PSD
pi-gavoth,PSD
pi-gb11,Medicine
pi-gbdong,PSD
pi-gconstan,Booth
pi-gdwyer,BSD
pi-gentzkow,Booth
pi-ggreene,BSD
pi-ghitsch,Booth
pi-gilad,Medicine
pi-gilbertjack,BSD
pi-gkaplan,Booth
pi-glk,PSD
pi-gmatvos,Booth
pi-gnedin,PSD
pi-goldschmidta,BSD
pi-grenoble,Humanities
pi-gruzberg,PSD
pi-gsengel,PSD
pi-gskarczm,BSD
pi-gulotty,SSD
pi-haky,BSD
pi-hankhoffmann,PSD
pi-haryadi,PSD
pi-hcn1,SSD
pi-hdew,BSD
pi-heckscher,BSD
pi-hema,Medicine
pi-hfrisch,PSD
pi-hhalpern,BSD
pi-hickmanbr,Booth
pi-histed,Medicine
pi-hortacsu,SSD
pi-hoytlong,Humanities
pi-hsaussy,Humanities
pi-hsiehchangtai,Booth
pi-huhlig,Booth
pi-hungwu,Humanities
pi-iawad,Medicine
pi-imoskowitz,BSD
pi-irebay,BSD
pi-ishanu,CI
pi-jabadner,BSD
pi-jacobbean,PSD
pi-jaeger,PSD
pi-jagoldsm,Humanities
pi-jand312,PSD
pi-jaredlewis,PSD
pi-jcaciopp,SSD
pi-jcloutier,SSD
pi-jcollins1,Medicine
pi-jcowan,PSD
pi-jdingel,Booth
pi-jdube,Booth
pi-jecarlst,PSD
pi-jevans,SSD
pi-jfanning,BSD
pi-jfrieman,PSD
pi-jgrogger,Harris
pi-jheckman,SSD
pi-jhj1,Oriental
pi-jhr,PSD
pi-jhuangime,IME
pi-jhubbell,IME
pi-jinbo,CI
pi-jingyifei,BSD
pi-jjbrehm,SSD
pi-jkline,BSD
pi-jlist,SSD
pi-jlmartin,SSD
pi-jlskinner,IME
pi-jmalamy,BSD
pi-jmstewar,Humanities
pi-jnovembre,BSD
pi-jnye,Library
pi-joet1,BSD
pi-johntmurphy,CI
pi-jongrant,BSD
pi-joshuaelliott,CI
pi-jozik,PSD
pi-jpadgett,SSD
pi-jpanta,SSD
pi-jponticelli,Booth
pi-jridgway,Medicine
pi-jrussell,Booth
pi-jsalavon,Humanities
pi-jschnei1,BSD
pi-jsolway,Medicine
pi-jstaley,BSD
pi-jstubbs1,PSD
pi-jtkubota,SSD
pi-jtruran,PSD
pi-jtwalsh,CI
pi-junchenj,PSD
pi-jwal,PSD
pi-jwildes,BSD
pi-jwpark,PSD
pi-kalindsey,PSD
pi-kavibhalla,BSD
pi-kazutaka,BSD
pi-kcharles,Harris
pi-kekeenan,BSD
pi-kelloggr,Harris
pi-kettimut,CI
pi-khanna7,Medicine
pi-kite,PSD
pi-kjacobson,BSD
pi-kkawaji,BSD
pi-kpomeranz1,SSD
pi-kravtsov,PSD
pi-ksonin,Harris
pi-l332,BSD
pi-lafferty,PSD
pi-lamadon,BFI
pi-larogers,PSD
pi-lekheng,PSD
pi-levin,PSD
pi-lgrandi,PSD
pi-lhansen,Booth
pi-liantaow,PSD
pi-littlewood,PSD
pi-lixingyang,Medicine
pi-ljb4,PSD
pi-llcai,PSD
pi-llu4,Medicine
pi-london,SSD
pi-lorettaau,PSD
pi-ls28,College
pi-lupingyu,PSD
pi-lxin,Booth
pi-malegre,BSD
pi-maltsev,BSD
pi-manishap,Law
pi-mchurpek,Medicine
pi-mcoates,BSD
pi-mdxx,Medicine
pi-melamed,BSD
pi-mengjiechen,Medicine
pi-meren,BSD
pi-mets,BSD
pi-meyer1,Harris
pi-mfj,PSD
pi-mfoote,PSD
pi-mgilliam1,Medicine
pi-mglotzer,BSD
pi-mhale,BSD
pi-mhereld,CI
pi-mhopkins,PSD
pi-michalis,Medicine
pi-misra,Booth
pi-mkolar,Booth
pi-mkre,BSD
pi-mkronforst,BSD
pi-mlcoleman,PSD
pi-mlong,BSD
pi-mludwig,BSD
pi-mlzhao,BSD
pi-mmedved,Medicine
pi-mnewvill,CARS
pi-moyer,PSD
pi-mpho1,BSD
pi-mrsharma,BSD
pi-mrust,BSD
pi-mstephens,PSD
pi-mtirrell,IME
pi-mwestnea,BSD
pi-mwxt,Humanities
pi-nahee,PSD
pi-nbrunel,PSD
pi-nchevrier,IME
pi-nealey,IME
pi-neiman,Booth
pi-nfschere,PSD
pi-nicho,BSD
pi-nikolaev,Booth
pi-nissa1,Medicine
pi-nlaiteerapong,Medicine
pi-nnn,PSD
pi-nord,
pi-npmarwel,SSA
pi-nsatkinson,Humanities
pi-odube,Harris
pi-onibasu,Medicine
pi-ossa,Booth
pi-oto,BSD
pi-ozidar,Booth
pi-pascualmm,BSD
pi-pchintag,Booth
pi-pjlarivi,BSD
pi-pmason,BSD
pi-prhahn,Booth
pi-price,BSD
pi-pricet,BSD
pi-priviter,PSD
pi-ptoulis,Booth
pi-pvprasad,Medicine
pi-qitiguo,PSD
pi-r6t1,PSD
pi-ravenben,PSD
pi-rayid,CI
pi-razborov,PSD
pi-rbgramacy,Booth
pi-rcaldentey,Booth
pi-rcohen,Medicine
pi-rezorach,Humanities
pi-rhuang1,BSD
pi-richardjeanso,Humanities
pi-rina,PSD
pi-risi,PSD
pi-rjlalond,Harris
pi-rkessler,PSD
pi-rljacob,CI
pi-rmorriss,Humanities
pi-robvargas,
pi-rossc,BSD
pi-rot8,BSD
pi-roux,BSD
pi-royce,BSD
pi-rree,BSD
pi-rrock,BSD
pi-rrosner,PSD
pi-rstevens,PSD
pi-rtp1,PSD
pi-rtsay,Booth
pi-rwevans,SSD
pi-rwg,PSD
pi-rwiersma,BSD
pi-rwittenb,Booth
pi-salesina,BSD
pi-sarice,PSD
pi-scicala,Harris
pi-scrosson,BSD
pi-sdodelso,PSD
pi-seifahrt,PSD
pi-sepalmer,BSD
pi-sethi,PSD
pi-sgreeley,Medicine
pi-sgsg,SSD
pi-shakhnarovich,PSD
pi-shorne,BSD
pi-shrayesh,IME
pi-sibener,PSD
pi-siegela,CI
pi-simonjon,PSD
pi-skeedy,BSD
pi-skron,BSD
pi-slambert,SSA
pi-sliman,BSD
pi-slv,BSD
pi-sokolov,CI
pi-soltoffbc,SSD
pi-sraudenb,SSD
pi-srnagel,PSD
pi-ssammet,BSD
pi-sshahul,Medicine
pi-stin,PSD
pi-stuartrowan,IME
pi-svaikunt,PSD
pi-taddy,Booth
pi-tanhuan,BSD
pi-tanum,CI
pi-tas1,PSD
pi-tays,IME
pi-tcovert,Booth
pi-tengyuan,Booth
pi-thomaswinberry,Booth
pi-tintelnot,SSD
pi-tnclark,SSD
pi-tokmakoff,PSD
pi-trsosnic,BSD
pi-tspolons,BSD
pi-tten,PSD
pi-tuecke,CI
pi-tzeferacos,PSD
pi-tzh,IME
pi-uakcigit,SSD
pi-upadhyay,Medicine
pi-uschmid,BSD
pi-vavra,Booth
pi-vbindoka,BSD
pi-vikramvd,PSD
pi-vishwanath,CI
pi-vliarski,BSD
pi-vmbertho,Medicine
pi-vprince,BSD
pi-vzhorin,CI
pi-wakely,PSD
pi-wbwu,PSD
pi-wcong,Booth
pi-weare,PSD
pi-weberm,Booth
pi-wenbinlin,PSD
pi-weyl,SSD
pi-wgreen,BSD
pi-whu5,PSD
pi-wilde,CI
pi-wilsonp,BSD
pi-wkang,PSD
pi-woodward,SSD
pi-wtang,BSD
pi-wtmirvine,PSD
pi-wulongtao,BSD
pi-wvandron,BSD
pi-xczhang,BSD
pi-xinhe,BSD
pi-xisong,SSD
pi-yaliamit,PSD
pi-yaminib,Medicine
pi-yamuna,PSD
pi-yangili1,Medicine
pi-yanjingl,PSD
pi-yjiang,BSD
pi-zaluzec,CI
pi-zke,PSD
ppha30531,Harris
psd,PSD
rcc,RCC
rcc-guest,RCC
rcc-instructor,RCC
rcc-nuit,RCC
rcc-software,RCC
rcc-special,RCC
rcc-special-admin,RCC
rcc-staff,RCC
rcc-temp1,RCC
rcc-temp2,RCC
rcc-temp3,RCC
rccosdc,BSD
root,RCC
rossby,PSD
sandbox,RCC
soci40133,SSD
stat37820,PSD
surph,PSD
swift,CI
weare-dinner,PSD
