account,allocation,cycle
pi-depablo,2000000.0,2013
pi-gavoth,1325000.0,2013
pi-freed,700000.0,2013
pi-joshuaelliott,500000.0,2013
pi-fciesla,500000.0,2013
pi-drowley,500000.0,2013
pi-dinner,500000.0,2013
pi-roux,500000.0,2013
pi-eperozo,500000.0,2013
pi-dbiron,300000.0,2013
pi-fabrycky,160000.0,2013
pi-kravtsov,150000.0,2013
pi-dholz,142000.0,2013
pi-abbot,110000.0,2013
pi-mstephens,100000.0,2013
pi-cpel,100000.0,2013
pi-nicho,100000.0,2013
pi-tokmakoff,98000.0,2013
pi-akonigl,96000.0,2013
pi-lupingyu,90000.0,2013
pi-rbgramacy,75000.0,2013
pi-aaz,75000.0,2013
pi-nbrunel,63000.0,2013
pi-wilde,50000.0,2013
pi-aachien,50000.0,2013
pi-rkessler,50000.0,2013
pi-aclyu,50000.0,2013
pi-taddy,50000.0,2013
pi-arzhetsky,50000.0,2013
pi-jtruran,50000.0,2013
pi-jfrieman,50000.0,2013
pi-skeedy,50000.0,2013
pi-ad15,50000.0,2013
pi-dyork,31000.0,2013
pi-rwg,10000.0,2013
pi-gilbertjack,10000.0,2013
pi-moyer,5000.0,2013
pi-deisenst,5000.0,2013
pi-gavoth,2494000.0,2014
pi-roux,2000000.0,2014
pi-kravtsov,1500000.0,2014
pi-depablo,1400000.0,2014
pi-dbiron,1300000.0,2014
pi-freed,1150000.0,2014
pi-kite,1100000.0,2014
pi-taddy,1098000.0,2014
pi-drowley,1000000.0,2014
pi-dinner,1000000.0,2014
pi-joshuaelliott,1000000.0,2014
pi-hortacsu,850000.0,2014
pi-gnedin,830000.0,2014
pi-abbot,650000.0,2014
pi-burhan,600000.0,2014
pi-ehurst,595000.0,2014
pi-akonigl,557000.0,2014
pi-neiman,550000.0,2014
pi-jfrieman,550000.0,2014
pi-mkolar,550000.0,2014
pi-fciesla,500000.0,2014
pi-eperozo,500000.0,2014
pi-aachien,350000.0,2014
pi-nicho,305000.0,2014
pi-vzhorin,300000.0,2014
pi-gilbertjack,250000.0,2014
pi-nbrunel,200000.0,2014
pi-kazutaka,200000.0,2014
pi-rree,170000.0,2014
pi-collar,150000.0,2014
pi-rossc,150000.0,2014
pi-fabrycky,140000.0,2014
pi-aaz,80000.0,2014
pi-gagalli,80000.0,2014
pi-wenbinlin,80000.0,2014
pi-mstephens,79000.0,2014
pi-sepalmer,75000.0,2014
pi-moyer,66000.0,2014
pi-lupingyu,60000.0,2014
pi-rwg,60000.0,2014
pi-tokmakoff,54000.0,2014
pi-jinbo,50000.0,2014
pi-cpel,50000.0,2014
pi-uschmid,50000.0,2014
pi-rtp1,50000.0,2014
pi-ishanu,50000.0,2014
pi-yaliamit,50000.0,2014
pi-aclyu,50000.0,2014
pi-jozik,50000.0,2014
pi-dpope,50000.0,2014
pi-rbgramacy,50000.0,2014
pi-liantaow,50000.0,2014
pi-ad15,50000.0,2014
pi-jaredlewis,50000.0,2014
pi-tintelnot,50000.0,2014
pi-wilde,50000.0,2014
pi-skeedy,50000.0,2014
pi-gdwyer,50000.0,2014
pi-richardjeanso,50000.0,2014
pi-whu5,50000.0,2014
pi-rkessler,49000.0,2014
pi-wtmirvine,45000.0,2014
pi-kkawaji,45000.0,2014
pi-arzhetsky,44000.0,2014
pi-jtruran,34000.0,2014
pi-dyork,31000.0,2014
pi-deisenst,8000.0,2014
pi-gavoth,3610560.0,2015
pi-roux,3500000.0,2015
pi-foster,2100000.0,2015
pi-depablo,2000000.0,2015
pi-joshuaelliott,1500000.0,2015
pi-drowley,1500000.0,2015
pi-dbiron,1400000.0,2015
pi-freed,1100000.0,2015
pi-mfj,1100000.0,2015
pi-jaredlewis,1069611.0,2015
pi-dachxiu,1050000.0,2015
pi-ebudish,1000000.0,2015
pi-dinner,1000000.0,2015
pi-hortacsu,1000000.0,2015
pi-svaikunt,1000000.0,2015
pi-fciesla,1000000.0,2015
pi-kite,1000000.0,2015
pi-ishanu,1000000.0,2015
pi-gagalli,1000000.0,2015
pi-whu5,1000000.0,2015
pi-taddy,1000000.0,2015
pi-mlcoleman,950000.0,2015
pi-abbot,900000.0,2015
pi-rossc,800000.0,2015
pi-jozik,750000.0,2015
pi-akonigl,700000.0,2015
pi-kravtsov,600000.0,2015
pi-fabrycky,506000.0,2015
pi-kazutaka,500000.0,2015
pi-dholz,500000.0,2015
pi-aachien,500000.0,2015
pi-burhan,488000.0,2015
pi-neiman,470000.0,2015
pi-ehurst,451000.0,2015
pi-tintelnot,400000.0,2015
pi-vzhorin,400000.0,2015
pi-nicho,350000.0,2015
pi-collar,289500.0,2015
pi-sibener,200000.0,2015
pi-yaliamit,200000.0,2015
pi-rtp1,184000.0,2015
pi-mstephens,183000.0,2015
pi-rjlalond,155000.0,2015
pi-gilbertjack,120000.0,2015
pi-sdodelso,100000.0,2015
pi-nbrunel,100000.0,2015
pi-gmatvos,100000.0,2015
pi-jinbo,100000.0,2015
pi-trsosnic,100000.0,2015
pi-jagoldsm,100000.0,2015
pi-levin,100000.0,2015
pi-bkeenan,100000.0,2015
pi-mkolar,100000.0,2015
pi-wtang,100000.0,2015
pi-drm7,100000.0,2015
pi-tas1,100000.0,2015
pi-wenbinlin,95000.0,2015
pi-aaz,80000.0,2015
pi-rkessler,76000.0,2015
pi-bkelly0,60000.0,2015
pi-khanna7,60000.0,2015
pi-tokmakoff,55000.0,2015
pi-uschmid,54000.0,2015
pi-aclyu,52000.0,2015
pi-cobey,52000.0,2015
pi-moyer,52000.0,2015
pi-skeedy,51000.0,2015
pi-rrock,50000.0,2015
pi-stin,50000.0,2015
pi-jacobbean,50000.0,2015
pi-pascualmm,50000.0,2015
pi-dvtalapin,50000.0,2015
pi-sshahul,50000.0,2015
pi-rwg,50000.0,2015
pi-ejadams,50000.0,2015
pi-jfrieman,50000.0,2015
pi-pchintag,50000.0,2015
pi-jschnei1,50000.0,2015
pi-cosar,50000.0,2015
pi-dhooper,50000.0,2015
pi-arzhetsky,49000.0,2015
pi-cpel,49000.0,2015
pi-gdwyer,48000.0,2015
pi-richardjeanso,45000.0,2015
pi-btian,45000.0,2015
pi-kkawaji,45000.0,2015
pi-wtmirvine,43000.0,2015
pi-liantaow,41000.0,2015
pi-dyork,36000.0,2015
pi-dpope,36000.0,2015
pi-weyl,30000.0,2015
pi-rbgramacy,30000.0,2015
pi-wilde,24000.0,2015
pi-sepalmer,21000.0,2015
pi-jevans,10000.0,2015
pi-wilsonp,10000.0,2015
pi-rree,5000.0,2015
pi-depablo,3250000.0,2016
pi-gavoth,2600000.0,2016
pi-roux,2000000.0,2016
pi-rossc,2000000.0,2016
pi-taddy,1600000.0,2016
pi-freed,1550000.0,2016
pi-kite,1500000.0,2016
pi-gagalli,1500000.0,2016
pi-sepalmer,1500000.0,2016
pi-wtang,1500000.0,2016
pi-jecarlst,1200000.0,2016
pi-bkeenan,1141000.0,2016
pi-rkessler,1110000.0,2016
pi-aaz,1093000.0,2016
rcc-temp2,1010000.0,2016
pi-abbot,1000000.0,2016
pi-vmbertho,1000000.0,2016
pi-svaikunt,900000.0,2016
pi-joshuaelliott,900000.0,2016
pi-hortacsu,850000.0,2016
pi-jschnei1,825000.0,2016
pi-arzhetsky,800000.0,2016
pi-mstephens,790000.0,2016
pi-whu5,750000.0,2016
pi-lgrandi,700000.0,2016
pi-rbgramacy,700000.0,2016
pi-kazutaka,650000.0,2016
pi-fciesla,650000.0,2016
pi-trsosnic,605000.0,2016
pi-dinner,600000.0,2016
pi-jaredlewis,600000.0,2016
pi-ftchong,550000.0,2016
pi-pascualmm,550000.0,2016
pi-avieregg,500000.0,2016
pi-dholz,500000.0,2016
pi-nicho,500000.0,2016
pi-kravtsov,500000.0,2016
pi-gan1,500000.0,2016
pi-ishanu,500000.0,2016
pi-dachxiu,500000.0,2016
pi-rwg,500000.0,2016
pi-gdwyer,500000.0,2016
pi-tintelnot,500000.0,2016
pi-neiman,470000.0,2016
pi-jnovembre,456000.0,2016
pi-burhan,453000.0,2016
pi-nfschere,400000.0,2016
pi-vzhorin,400000.0,2016
pi-aclyu,400000.0,2016
pi-cobey,360000.0,2016
pi-johntmurphy,350000.0,2016
pi-dbiron,300000.0,2016
pi-mfj,280000.0,2016
pi-jacobbean,250000.0,2016
pi-jozik,250000.0,2016
pi-eperozo,250000.0,2016
pi-jevans,210000.0,2016
pi-drowley,200000.0,2016
pi-scrosson,180000.0,2016
pi-yaliamit,175000.0,2016
pi-ehurst,160775.0,2016
pi-sibener,150000.0,2016
pi-rtp1,150000.0,2016
pi-skeedy,143000.0,2016
pi-akonigl,120000.0,2016
pi-jagoldsm,100000.0,2016
pi-rayid,100000.0,2016
pi-mkre,100000.0,2016
pi-collar,97500.0,2016
pi-mlcoleman,97000.0,2016
pi-gmatvos,97000.0,2016
pi-nbrunel,95000.0,2016
pi-drm7,93000.0,2016
pi-sdodelso,85000.0,2016
pi-mkolar,76000.0,2016
pi-risi,70000.0,2016
pi-khanna7,63000.0,2016
pi-jfrieman,61000.0,2016
pi-rjlalond,61000.0,2016
pi-wilsonp,59000.0,2016
pi-tokmakoff,57000.0,2016
pi-sshahul,55000.0,2016
pi-levin,53000.0,2016
pi-lamadon,50000.0,2016
pi-stin,50000.0,2016
pi-gilbertjack,50000.0,2016
pi-nnn,50000.0,2016
pi-salesina,50000.0,2016
pi-aachien,50000.0,2016
pi-aolinto,50000.0,2016
pi-haky,50000.0,2016
pi-xisong,50000.0,2016
pi-jdingel,50000.0,2016
pi-vavra,50000.0,2016
pi-gilad,50000.0,2016
pi-cpel,49000.0,2016
pi-richardjeanso,45000.0,2016
pi-kkawaji,45000.0,2016
pi-btian,45000.0,2016
pi-ejadams,44000.0,2016
pi-pchintag,43000.0,2016
pi-moyer,37000.0,2016
pi-dhooper,33000.0,2016
pi-bkelly0,33000.0,2016
pi-rrock,33000.0,2016
pi-cosar,33000.0,2016
pi-wenbinlin,31000.0,2016
pi-wtmirvine,30000.0,2016
pi-dpope,27000.0,2016
pi-wilde,25000.0,2016
pi-weyl,23000.0,2016
pi-sokolov,10000.0,2016
pi-amurugan,10000.0,2016
pi-ljb4,10000.0,2016
pi-liantaow,9000.0,2016
pi-jinbo,9000.0,2016
pi-tas1,5000.0,2016
pi-glk,5000.0,2016
pi-gskarczm,1000.0,2016
rcc-staff,100.0,2016
pi-gavoth,6548000.0,2017
pi-depablo,6000000.0,2017
pi-gagalli,3000000.0,2017
pi-arzhetsky,2830000.0,2017
pi-trsosnic,2550000.0,2017
pi-hortacsu,2310000.0,2017
pi-freed,2200000.0,2017
pi-roux,2100000.0,2017
pi-whu5,2050000.0,2017
pi-taddy,2000000.0,2017
pi-hankhoffmann,2000000.0,2017
pi-bkeenan,1950000.0,2017
pi-mstephens,1916000.0,2017
pi-dinner,1750000.0,2017
pi-ghitsch,1602619.0,2017
pi-kravtsov,1500000.0,2017
pi-yanjingl,1400000.0,2017
pi-abbot,1395000.0,2017
pi-neiman,1235000.0,2017
pi-cobey,1150000.0,2017
pi-ishanu,1100000.0,2017
pi-vavra,1053784.0,2017
pi-nnn,1044484.0,2017
pi-haky,1041506.0,2017
pi-sdodelso,1027655.0,2017
pi-ggreene,1005000.0,2017
pi-gdwyer,1000000.0,2017
pi-kite,1000000.0,2017
pi-joshuaelliott,1000000.0,2017
pi-mkre,1000000.0,2017
pi-rkessler,1000000.0,2017
pi-drowley,1000000.0,2017
pi-svaikunt,1000000.0,2017
pi-jaredlewis,1000000.0,2017
pi-mfj,1000000.0,2017
pi-nfschere,1000000.0,2017
pi-jevans,1000000.0,2017
pi-lgrandi,1000000.0,2017
pi-pascualmm,850000.0,2017
pi-aaz,750000.0,2017
pi-avieregg,600000.0,2017
pi-wenbinlin,570000.0,2017
pi-jaeger,560674.0,2017
pi-jheckman,555000.0,2017
pi-jlskinner,550000.0,2017
pi-burhan,550000.0,2017
pi-ejadams,544000.0,2017
pi-scrosson,505071.0,2017
pi-dholz,500000.0,2017
pi-mkronforst,480000.0,2017
pi-vmbertho,460000.0,2017
pi-amurugan,453673.0,2017
pi-stin,450585.0,2017
pi-tintelnot,450000.0,2017
pi-aachien,438569.0,2017
pi-xinhe,424982.0,2017
pi-jdingel,424242.0,2017
pi-l332,406284.0,2017
pi-moyer,360551.0,2017
pi-dbiron,350000.0,2017
pi-ftchong,250000.0,2017
pi-rossc,250000.0,2017
pi-nbrunel,216163.0,2017
pi-gilad,209258.0,2017
pi-price,205000.0,2017
pi-fciesla,200000.0,2017
pi-jozik,200000.0,2017
pi-vzhorin,200000.0,2017
pi-jnovembre,164000.0,2017
pi-khanna7,163000.0,2017
pi-dachxiu,150000.0,2017
pi-kazutaka,150000.0,2017
pi-eperozo,143081.0,2017
pi-sibener,111832.0,2017
pi-tokmakoff,108054.0,2017
pi-aclyu,100001.0,2017
rcc-staff,100000.0,2017
pi-rtp1,100000.0,2017
pi-gan1,100000.0,2017
pi-nicho,100000.0,2017
pi-priviter,100000.0,2017
pi-sepalmer,100000.0,2017
pi-jagoldsm,100000.0,2017
pi-gmatvos,97000.0,2017
pi-rayid,94915.0,2017
pi-collar,91760.0,2017
pi-mlcoleman,81117.0,2017
pi-wtmirvine,57644.0,2017
pi-blattman,55000.0,2017
pi-xisong,55000.0,2017
pi-sshahul,55000.0,2017
pi-lafferty,55000.0,2017
pi-oto,54998.0,2017
pi-gkaplan,54995.0,2017
pi-tcovert,54944.0,2017
pi-berkelbach,51769.0,2017
pi-mkolar,50385.0,2017
pi-littlewood,50160.0,2017
pi-bkelly0,50145.0,2017
pi-levin,50018.0,2017
pi-bata,50000.0,2017
pi-emir,50000.0,2017
pi-tzeferacos,50000.0,2017
pi-joet1,50000.0,2017
pi-rwg,50000.0,2017
pi-dfreedman,50000.0,2017
pi-hema,50000.0,2017
pi-jrussell,50000.0,2017
pi-srnagel,50000.0,2017
pi-fritziea,50000.0,2017
pi-rtsay,50000.0,2017
pi-jstubbs1,50000.0,2017
pi-thomaswinberry,50000.0,2017
pi-jsolway,50000.0,2017
pi-bermanm,50000.0,2017
pi-adrobyshevsky,50000.0,2017
pi-lekheng,49998.0,2017
pi-aolinto,49785.0,2017
pi-cpel,49000.0,2017
pi-skeedy,45527.0,2017
pi-kkawaji,45000.0,2017
pi-btian,44955.0,2017
pi-lamadon,44774.0,2017
pi-risi,43285.0,2017
pi-pchintag,42667.0,2017
pi-mengjiechen,41000.0,2017
pi-wilsonp,40587.0,2017
pi-tten,35128.0,2017
pi-stuartrowan,35000.0,2017
pi-cosar,33000.0,2017
pi-rrock,30885.0,2017
pi-gilbertjack,30272.0,2017
pi-kavibhalla,30000.0,2017
pi-richardjeanso,27882.0,2017
pi-adirienz,26957.0,2017
pi-dpope,25198.0,2017
pi-weberm,25000.0,2017
pi-jfrieman,24933.0,2017
pi-wilde,24585.0,2017
pi-weyl,23000.0,2017
pi-dhooper,22871.0,2017
pi-rjlalond,15720.0,2017
pi-hickmanbr,15000.0,2017
pi-gsengel,10000.0,2017
pi-jhuangime,10000.0,2017
pi-liantaow,8942.0,2017
pi-jinbo,7092.0,2017
pi-gskarczm,5543.0,2017
pi-mwxt,5001.0,2017
pi-berry,5000.0,2017
pi-jgrogger,5000.0,2017
pi-pmason,5000.0,2017
pi-danblack,5000.0,2017
pi-rhuang1,5000.0,2017
pi-anitarao,5000.0,2017
pi-dschloen,5000.0,2017
pi-nahee,5000.0,2017
pi-weare,5000.0,2017
pi-evtimov,5000.0,2017
pi-llu4,5000.0,2017
pi-slv,5000.0,2017
pi-haryadi,5000.0,2017
pi-rina,5000.0,2017
pi-anitescu,5000.0,2017
pi-dskinner,5000.0,2017
pi-imoskowitz,5000.0,2017
pi-kekeenan,5000.0,2017
pi-ebudish,5000.0,2017
pi-borja,5000.0,2017
pi-fazeredo,5000.0,2017
pi-jhj1,5000.0,2017
pi-london,5000.0,2017
pi-soltoffbc,5000.0,2017
pi-deisenst,5000.0,2017
pi-hcn1,5000.0,2017
pi-jpanta,5000.0,2017
pi-misra,5000.0,2017
pi-rljacob,5000.0,2017
pi-anselin,5000.0,2017
pi-dsuskind,5000.0,2017
pi-irebay,5000.0,2017
pi-kelloggr,5000.0,2017
pi-nikolaev,5000.0,2017
pi-sgreeley,5000.0,2017
pi-wgreen,5000.0,2017
pi-bridgetm,5000.0,2017
pi-ferrier,5000.0,2017
pi-jhr,5000.0,2017
pi-lorettaau,5000.0,2017
pi-rot8,5000.0,2017
pi-uschmid,5000.0,2017
pi-archer,5000.0,2017
pi-dvtalapin,5000.0,2017
pi-jabadner,5000.0,2017
pi-nlaiteerapong,5000.0,2017
pi-sgsg,5000.0,2017
pi-wkang,5000.0,2017
pi-cacioppos,5000.0,2017
pi-fsmiel,5000.0,2017
pi-ls28,5000.0,2017
pi-ptoulis,5000.0,2017
pi-ssammet,5000.0,2017
pi-ad15,5000.0,2017
pi-dgallo,5000.0,2017
pi-jridgway,5000.0,2017
pi-mlong,5000.0,2017
pi-royce,5000.0,2017
pi-dyork,5000.0,2017
pi-kjacobson,5000.0,2017
pi-npmarwel,5000.0,2017
pi-shakhnarovich,5000.0,2017
pi-woodward,5000.0,2017
pi-casasanto,5000.0,2017
pi-gentzkow,5000.0,2017
pi-lupingyu,5000.0,2017
pi-pvprasad,5000.0,2017
pi-dglick2,5000.0,2017
pi-jsalavon,5000.0,2017
pi-mludwig,5000.0,2017
pi-rree,5000.0,2017
pi-vikramvd,5000.0,2017
pi-avoena,5000.0,2017
pi-eatock,5000.0,2017
pi-jand312,5000.0,2017
pi-kpomeranz1,5000.0,2017
pi-nsatkinson,5000.0,2017
pi-shrayesh,5000.0,2017
pi-wulongtao,5000.0,2017
pi-cchen3,5000.0,2017
pi-jkline,5000.0,2017
pi-dinosaur,5000.0,2017
pi-hhalpern,5000.0,2017
pi-mnewvill,5000.0,2017
pi-rrosner,5000.0,2017
pi-vishwanath,5000.0,2017
pi-wvandron,5000.0,2017
pi-ebchang,5000.0,2017
pi-jcaciopp,5000.0,2017
pi-ossa,5000.0,2017
pi-gnedin,5000.0,2017
pi-cchin,5000.0,2017
pi-jlist,5000.0,2017
pi-meren,5000.0,2017
pi-r6t1,5000.0,2017
pi-tanum,5000.0,2017
pi-akalil,5000.0,2017
pi-histed,5000.0,2017
pi-jtkubota,5000.0,2017
pi-mpho1,5000.0,2017
pi-rwevans,5000.0,2017
pi-vprince,5000.0,2017
pi-babenson,5000.0,2017
pi-eclaud,5000.0,2017
pi-jcloutier,5000.0,2017
pi-simonjon,5000.0,2017
pi-goldschmidta,5000.0,2017
pi-jlmartin,5000.0,2017
pi-mets,5000.0,2017
pi-razborov,5000.0,2017
pi-akwalker,5000.0,2017
pi-dmustafi,5000.0,2017
pi-hoytlong,5000.0,2017
pi-jtruran,5000.0,2017
pi-mrsharma,5000.0,2017
pi-rwiersma,5000.0,2017
pi-wakely,5000.0,2017
pi-zaluzec,5000.0,2017
pi-ecoccaro,5000.0,2017
pi-jcowan,5000.0,2017
pi-ozidar,5000.0,2017
pi-skron,5000.0,2017
pi-cnagler1,5000.0,2017
pi-grenoble,5000.0,2017
pi-jmstewar,5000.0,2017
pi-mgilliam1,5000.0,2017
pi-rcohen,5000.0,2017
pi-tnclark,5000.0,2017
pi-anants,5000.0,2017
pi-dom2,5000.0,2017
pi-hsaussy,5000.0,2017
pi-jwal,5000.0,2017
pi-mwestnea,5000.0,2017
pi-rwittenb,5000.0,2017
pi-zke,5000.0,2017
pi-jfanning,5000.0,2017
pi-slambert,5000.0,2017
pi-dadrummond,5000.0,2017
pi-gruzberg,5000.0,2017
pi-jnye,5000.0,2017
pi-mglotzer,5000.0,2017
pi-rezorach,5000.0,2017
pi-tspolons,5000.0,2017
pi-anc,5000.0,2017
pi-hungwu,5000.0,2017
pi-kalindsey,5000.0,2017
pi-wcong,5000.0,2017
pi-pjlarivi,4999.0,2017
pi-nealey,4998.0,2017
pi-mhereld,4997.0,2017
pi-kettimut,4997.0,2017
pi-jstaley,4997.0,2017
pi-jpadgett,4996.0,2017
pi-sraudenb,4996.0,2017
pi-vbindoka,4989.0,2017
pi-dbrentari,4985.0,2017
pi-jongrant,4983.0,2017
pi-qitiguo,4982.0,2017
pi-malegre,4978.0,2017
pi-sethi,4971.0,2017
pi-egrove,4968.0,2017
pi-tuecke,4964.0,2017
pi-jponticelli,4955.0,2017
pi-ajaved,4954.0,2017
pi-emunro,4951.0,2017
pi-hdew,4940.0,2017
pi-drubin8,4931.0,2017
pi-jhubbell,4925.0,2017
pi-gulotty,4920.0,2017
pi-sarice,4917.0,2017
pi-fabrycky,4904.0,2017
pi-abinkowski,4858.0,2017
pi-siegela,4849.0,2017
pi-tanhuan,4831.0,2017
pi-hfrisch,4801.0,2017
pi-pricet,4794.0,2017
pi-mhale,4616.0,2017
pi-abney,4570.0,2017
pi-larogers,4511.0,2017
pi-iawad,4510.0,2017
pi-asufi,4488.0,2017
pi-dis,4357.0,2017
pi-sokolov,4109.0,2017
pi-ckao95,3601.0,2017
pi-awsch,3564.0,2017
pi-sliman,3540.0,2017
pi-scicala,2016.0,2017
pi-yaliamit,2000.0,2017
pi-kcharles,1868.0,2017
pi-foster,1392.0,2017
pi-prhahn,922.0,2017
pi-wbwu,277.0,2017
pi-blase,250.0,2017
pi-depablo,4000000.0,2018
pi-gavoth,4000000.0,2018
pi-ishanu,4000000.0,2018
pi-roux,4000000.0,2018
pi-gagalli,4000000.0,2018
pi-arzhetsky,4000000.0,2018
pi-vmbertho,3000000.0,2018
pi-dinner,3000000.0,2018
pi-weare,2500000.0,2018
pi-dachxiu,2500000.0,2018
pi-priviter,2000000.0,2018
pi-kite,2000000.0,2018
pi-yanjingl,2000000.0,2018
pi-mstephens,1993600.0,2018
pi-abbot,1800000.0,2018
pi-jevans,1800000.0,2018
pi-whu5,1780000.0,2018
pi-mfj,1750000.0,2018
pi-hortacsu,1750000.0,2018
pi-freed,1650000.0,2018
pi-caprioli,1641865.0,2018
pi-mengjiechen,1600000.0,2018
pi-ghitsch,1600000.0,2018
pi-rossc,1560000.0,2018
pi-nicho,1510000.0,2018
pi-trsosnic,1500000.0,2018
pi-taddy,1500000.0,2018
pi-lgrandi,1400000.0,2018
pi-ejadams,1250000.0,2018
pi-khanna7,1112500.0,2018
pi-jsolway,1054616.0,2018
pi-risi,1050280.0,2018
pi-kavibhalla,1050054.0,2018
pi-gkaplan,1047901.0,2018
pi-srnagel,1034431.0,2018
pi-levin,1008107.0,2018
pi-yangili1,1003000.0,2018
pi-weberm,1002501.0,2018
pi-foster,1000527.0,2018
pi-kravtsov,1000000.0,2018
pi-gilad,1000000.0,2018
pi-aaz,1000000.0,2018
pi-rkessler,1000000.0,2018
pi-gdwyer,1000000.0,2018
pi-bkeenan,1000000.0,2018
pi-svaikunt,870000.0,2018
pi-gnedin,813997.0,2018
pi-amurugan,800000.0,2018
pi-avieregg,800000.0,2018
pi-nfschere,800000.0,2018
pi-xinhe,777000.0,2018
pi-pascualmm,750000.0,2018
pi-kazutaka,710000.0,2018
pi-cobey,680000.0,2018
pi-jheckman,620672.0,2018
pi-jdingel,607454.0,2018
pi-sdodelso,600000.0,2018
pi-mrust,555000.0,2018
pi-lhansen,550000.0,2018
pi-jingyifei,505000.0,2018
pi-jlskinner,500000.0,2018
pi-gconstan,500000.0,2018
pi-wtang,500000.0,2018
pi-wenbinlin,460000.0,2018
pi-nnn,450000.0,2018
pi-l332,450000.0,2018
pi-vavra,450000.0,2018
pi-moyer,419029.0,2018
pi-jhuangime,403953.0,2018
pi-tintelnot,400000.0,2018
pi-dholz,400000.0,2018
pi-wtmirvine,380000.0,2018
pi-aachien,373612.0,2018
pi-mkolar,349661.0,2018
pi-jaeger,320000.0,2018
pi-jnovembre,300000.0,2018
pi-ftchong,300000.0,2018
pi-chuanhe,250000.0,2018
pi-berkelbach,250000.0,2018
pi-neiman,250000.0,2018
pi-jozik,200000.0,2018
pi-haky,160000.0,2018
pi-tzh,105000.0,2018
pi-drowley,100000.0,2018
pi-uakcigit,100000.0,2018
pi-mlcoleman,100000.0,2018
pi-tas1,100000.0,2018
pi-burhan,97057.0,2018
pi-fritziea,97014.0,2018
pi-tcovert,79871.0,2018
pi-sepalmer,72178.0,2018
pi-stin,65594.0,2018
pi-bursztyn,55000.0,2018
pi-baderk,55000.0,2018
pi-emir,55000.0,2018
pi-bata,54848.0,2018
pi-pricet,54785.0,2018
pi-drubin8,54634.0,2018
pi-larogers,54511.0,2018
pi-dis,54316.0,2018
pi-sliman,53540.0,2018
pi-ahigh,53193.0,2018
pi-glk,53000.0,2018
pi-joet1,52620.0,2018
pi-scicala,51488.0,2018
pi-littlewood,50954.0,2018
pi-blattman,50852.0,2018
pi-simonjon,50778.0,2018
pi-oto,50130.0,2018
pi-gilbertjack,50035.0,2018
pi-yaliamit,50000.0,2018
pi-ravenben,50000.0,2018
pi-collar,50000.0,2018
pi-jaredlewis,50000.0,2018
pi-jagoldsm,50000.0,2018
pi-anitescu,50000.0,2018
pi-jwal,50000.0,2018
pi-aesserkahn,50000.0,2018
pi-dfreedman,50000.0,2018
pi-aelmore,50000.0,2018
pi-gmatvos,50000.0,2018
pi-sshahul,50000.0,2018
pi-awh,50000.0,2018
pi-vprince,50000.0,2018
pi-scrosson,50000.0,2018
pi-aolinto,49785.0,2018
pi-bermanm,49237.0,2018
pi-cpel,49000.0,2018
pi-rayid,47826.0,2018
pi-xisong,46858.0,2018
pi-kkawaji,45000.0,2018
pi-lamadon,44774.0,2018
pi-thomaswinberry,44069.0,2018
pi-eperozo,43890.0,2018
pi-hema,43787.0,2018
pi-btian,43771.0,2018
pi-skeedy,42880.0,2018
pi-tzeferacos,41523.0,2018
pi-ckao95,40811.0,2018
pi-wilsonp,39399.0,2018
pi-adrobyshevsky,37504.0,2018
pi-lafferty,36317.0,2018
pi-jstubbs1,34303.0,2018
pi-tten,33664.0,2018
pi-cosar,33000.0,2018
pi-rrock,30743.0,2018
pi-rwg,30157.0,2018
pi-stuartrowan,29820.0,2018
pi-richardjeanso,27879.0,2018
pi-dpope,25198.0,2018
pi-jfrieman,24907.0,2018
pi-weyl,23000.0,2018
pi-dhooper,22871.0,2018
pi-tokmakoff,22131.0,2018
pi-abney,20342.0,2018
pi-jand312,20000.0,2018
pi-jrussell,18669.0,2018
pi-wilde,15688.0,2018
pi-adirienz,14860.0,2018
pi-pjlarivi,14797.0,2018
pi-lekheng,14153.0,2018
pi-pchintag,13701.0,2018
pi-sibener,11832.0,2018
pi-gsengel,10000.0,2018
pi-rtsay,9901.0,2018
pi-rjlalond,9366.0,2018
pi-liantaow,8934.0,2018
pi-jinbo,7092.0,2018
pi-mwxt,5100.0,2018
pi-kalindsey,5000.0,2018
pi-nahee,5000.0,2018
pi-ebudish,5000.0,2018
pi-mlzhao,5000.0,2018
pi-jlmartin,5000.0,2018
pi-jfanning,5000.0,2018
pi-tnclark,5000.0,2018
pi-hankhoffmann,5000.0,2018
pi-zke,5000.0,2018
pi-dsuskind,5000.0,2018
pi-jsalavon,5000.0,2018
pi-melamed,5000.0,2018
pi-jmstewar,5000.0,2018
pi-jcloutier,5000.0,2018
pi-anselin,5000.0,2018
pi-jcaciopp,5000.0,2018
pi-jjbrehm,5000.0,2018
pi-gbdong,5000.0,2018
pi-london,5000.0,2018
pi-jtruran,5000.0,2018
pi-kekeenan,5000.0,2018
pi-imoskowitz,5000.0,2018
pi-mglotzer,5000.0,2018
pi-candogan,5000.0,2018
pi-histed,5000.0,2018
pi-kjacobson,5000.0,2018
pi-rot8,5000.0,2018
pi-lupingyu,5000.0,2018
pi-nikolaev,5000.0,2018
pi-jcowan,5000.0,2018
pi-sgreeley,5000.0,2018
pi-shrayesh,5000.0,2018
pi-lixingyang,5000.0,2018
pi-mchurpek,5000.0,2018
pi-babenson,5000.0,2018
pi-ad15,5000.0,2018
pi-odube,5000.0,2018
pi-zaluzec,5000.0,2018
pi-hoytlong,5000.0,2018
pi-jridgway,5000.0,2018
pi-nlaiteerapong,5000.0,2018
pi-bridgetm,5000.0,2018
pi-huhlig,5000.0,2018
pi-gruzberg,5000.0,2018
pi-vishwanath,5000.0,2018
pi-mmedved,5000.0,2018
pi-heckscher,5000.0,2018
pi-rrosner,5000.0,2018
pi-rree,5000.0,2018
pi-jnye,5000.0,2018
pi-dschloen,5000.0,2018
pi-cchen3,5000.0,2018
pi-yamuna,5000.0,2018
pi-ecoccaro,5000.0,2018
pi-akalil,5000.0,2018
pi-rljacob,5000.0,2018
pi-misra,5000.0,2018
pi-emackay,5000.0,2018
pi-anitarao,5000.0,2018
pi-jpanta,5000.0,2018
pi-jtkubota,5000.0,2018
pi-skron,5000.0,2018
pi-fsmiel,5000.0,2018
pi-pvprasad,5000.0,2018
pi-wgreen,5000.0,2018
pi-royce,5000.0,2018
pi-haryadi,5000.0,2018
pi-rmorriss,5000.0,2018
pi-r6t1,5000.0,2018
pi-dglick2,5000.0,2018
pi-jcollins1,5000.0,2018
pi-irebay,5000.0,2018
pi-slambert,5000.0,2018
pi-mets,5000.0,2018
pi-llu4,5000.0,2018
pi-upadhyay,5000.0,2018
pi-dmustafi,5000.0,2018
pi-deisenst,5000.0,2018
pi-wcong,5000.0,2018
pi-fcattane,5000.0,2018
pi-hhalpern,5000.0,2018
pi-akwalker,5000.0,2018
pi-yjiang,5000.0,2018
pi-tanum,5000.0,2018
pi-forreststuart,5000.0,2018
pi-ferrier,5000.0,2018
pi-kpomeranz1,5000.0,2018
pi-gentzkow,5000.0,2018
pi-dinosaur,5000.0,2018
pi-cnagler1,5000.0,2018
pi-chard,5000.0,2018
pi-vikramvd,5000.0,2018
pi-mwestnea,5000.0,2018
pi-ggreene,5000.0,2018
pi-cchin,5000.0,2018
pi-wkang,5000.0,2018
pi-dbishop,5000.0,2018
pi-ssammet,5000.0,2018
pi-nsatkinson,5000.0,2018
pi-ptoulis,5000.0,2018
pi-eclaud,5000.0,2018
pi-davemilr,5000.0,2018
pi-eatock,5000.0,2018
pi-jwpark,5000.0,2018
pi-npmarwel,5000.0,2018
pi-archer,5000.0,2018
pi-ebchang,5000.0,2018
pi-jabadner,5000.0,2018
pi-ozidar,5000.0,2018
pi-tengyuan,5000.0,2018
pi-shakhnarovich,5000.0,2018
pi-drkovar,5000.0,2018
pi-danblack,5000.0,2018
pi-rcohen,5000.0,2018
pi-wakely,5000.0,2018
pi-goldschmidta,5000.0,2018
pi-meren,5000.0,2018
pi-mludwig,5000.0,2018
pi-aruthenburg,5000.0,2018
pi-dyork,5000.0,2018
pi-rezorach,5000.0,2018
pi-tspolons,5000.0,2018
pi-dskinner,5000.0,2018
pi-mfoote,5000.0,2018
pi-grenoble,5000.0,2018
pi-onibasu,5000.0,2018
pi-evtimov,5000.0,2018
pi-woodward,5000.0,2018
pi-jtwalsh,5000.0,2018
pi-dvtalapin,5000.0,2018
pi-manishap,5000.0,2018
pi-wvandron,5000.0,2018
pi-slv,5000.0,2018
pi-mgilliam1,5000.0,2018
pi-hcn1,5000.0,2018
pi-maltsev,5000.0,2018
pi-soltoffbc,5000.0,2018
pi-hsaussy,5000.0,2018
pi-borja,5000.0,2018
pi-rwittenb,5000.0,2018
pi-anmayampurath,5000.0,2018
pi-jhj1,5000.0,2018
pi-hungwu,5000.0,2018
pi-ossa,5000.0,2018
pi-shorne,5000.0,2018
pi-jlist,5000.0,2018
pi-dom2,5000.0,2018
pi-rwiersma,5000.0,2018
pi-dadrummond,5000.0,2018
pi-casasanto,5000.0,2018
pi-berge,5000.0,2018
pi-mpho1,5000.0,2018
pi-ls28,5000.0,2018
pi-anc,5000.0,2018
pi-pmason,5000.0,2018
pi-arielfeldman,5000.0,2018
pi-fazeredo,5000.0,2018
pi-mdxx,5000.0,2018
pi-razborov,5000.0,2018
pi-jkline,5000.0,2018
pi-uschmid,5000.0,2018
pi-nealey,4998.0,2018
pi-blase,4998.0,2018
pi-jstaley,4997.0,2018
pi-avoena,4997.0,2018
pi-sraudenb,4996.0,2018
pi-lorettaau,4996.0,2018
pi-jpadgett,4996.0,2018
pi-dgallo,4994.0,2018
pi-mlong,4993.0,2018
pi-rhuang1,4993.0,2018
pi-vbindoka,4989.0,2018
pi-cacioppos,4988.0,2018
pi-jongrant,4983.0,2018
pi-qitiguo,4980.0,2018
pi-malegre,4975.0,2018
pi-jhr,4972.0,2018
pi-sethi,4971.0,2018
pi-kettimut,4961.0,2018
pi-jponticelli,4955.0,2018
pi-ajaved,4954.0,2018
pi-tuecke,4951.0,2018
pi-emunro,4949.0,2018
pi-mhereld,4937.0,2018
pi-seifahrt,4932.0,2018
pi-jhubbell,4925.0,2018
pi-mcoates,4921.0,2018
pi-gulotty,4920.0,2018
pi-fabrycky,4904.0,2018
pi-sarice,4903.0,2018
pi-egrove,4863.0,2018
pi-tanhuan,4831.0,2018
pi-dbrentari,4794.0,2018
pi-mrsharma,4787.0,2018
pi-hdew,4755.0,2018
pi-hfrisch,4686.0,2018
pi-mhale,4611.0,2018
pi-kelloggr,4572.0,2018
pi-iawad,4510.0,2018
pi-wulongtao,4499.0,2018
pi-asufi,4488.0,2018
pi-abinkowski,4478.0,2018
pi-hsiehchangtai,4417.0,2018
pi-mnewvill,4254.0,2018
pi-hickmanbr,4200.0,2018
pi-sokolov,4108.0,2018
pi-gskarczm,4053.0,2018
pi-sgsg,3630.0,2018
pi-awsch,2869.0,2018
pi-jgrogger,2601.0,2018
pi-anants,1864.0,2018
pi-berry,1528.0,2018
pi-prhahn,922.0,2018
pi-kcharles,428.0,2018
pi-wbwu,84.0,2018
